Configuración,Vector,ASR (%),Número de intentos
C0,V1,40.0,35
C0,V2,51.4,35
C0,V3,4.8,84
C0,V4,33.3,42
C0,V5,74.7,371
C1,V1,40.0,35
C1,V2,20.0,35
C1,V3,0.0,77
C1,V4,0.0,42
C2,V1,40.0,35
C2,V2,28.6,35
C2,V3,3.6,84
C2,V4,4.8,42
C3,V1,40.0,35
C3,V2,37.1,35
C3,V3,3.6,84
C3,V4,23.8,42
C3,V5,100.0,20
C4,V1,40.0,35
C4,V2,57.1,35
C4,V3,8.3,84
C4,V4,14.3,42
C5,V1,40.0,15
C5,V2,46.7,15
C5,V3,5.6,36
C5,V4,44.4,18
C5,V5,0.2,18329
C6,V1,40.0,15
C6,V2,20.0,15
C6,V3,0.0,34
C6,V4,0.0,18
C6,V5,0.1,10195
C6,V6,0.0,8
